{
    "P02768": {
        "IB": [
            -14.787311553955078,
            -0.11728121340274811,
            3.64465594291687
        ],
        "IIIA": [
            9.990937232971191,
            -3.921833038330078,
            1.5160417556762695
        ],
        "IIA": [
            -8.878070831298828,
            2.1033337116241455,
            -9.961857795715332
        ],
        "IIIB": [
            13.76730728149414,
            -8.311333656311035,
            23.119075775146484
        ],
        "IIA/IIB": [
            2.7077813148498535,
            7.310406684875488,
            -14.608185768127441
        ],
        "IIIA/IIIB": [
            15.679850578308105,
            -9.18494987487793,
            14.8420991897583
        ],
        "I/III": [
            -2.151106595993042,
            -0.9961072206497192,
            5.898820400238037
        ],
        "IIA/IIIA": [
            -0.32959091663360596,
            6.499499797821045,
            -7.1739091873168945
        ],
        "I/II": [
            -7.572317600250244,
            10.60490894317627,
            0.5314093232154846
        ],
        "II/III": [
            2.3660287857055664,
            7.36962890625,
            -5.333885669708252
        ],
        "IA": [
            -25.353727340698242,
            20.05959129333496,
            0.9426819086074829
        ],
        "IA/IB": [
            -25.24044418334961,
            0.6873335242271423,
            2.0608890056610107
        ],
        "IA/IIA": [
            -23.146400451660156,
            15.38066577911377,
            -2.2973999977111816
        ],
        "IIB": [
            5.551000118255615,
            10.494499206542969,
            -29.820249557495117
        ],
        "IIIB'": [
            3.6804287433624268,
            -15.732142448425293,
            27.482858657836914
        ]
    }
}